,School,Games Played,Wins,Losses,W-L%,Simple Rating System,Strength of Schedule,Conf. Wins,Conf. Losses,Home Wins,Home Losses,Away Wins,Away Losses,Total Pts Scored,Total Pts Suffered,Minutes Played,FGM,FGA,FG%,3PM,3PA,3P%,FTM,FTA,FT%,ORB,TRB,AST,STL,BLK,TOV,PF,Year
0,Air Force,26,7,19,.269,-4.91,1.18,2,14,6,9,0,10,1766,1875,1045,637,1519,.419,134,436,.307,358,575,.623,384,1005,350,155,40,406,534,1997
1,Akron,26,8,18,.308,-1.18,0.98,6,12,6,6,2,11,1833,1870,1060,677,1585,.427,121,402,.301,358,514,.696,287,869,407,220,78,355,478,1997
2,Alabama,31,17,14,.548,9.75,6.12,6,10,10,5,2,7,2166,2006,,749,1838,.408,247,671,.368,421,576,.731,445,1225,363,199,101,57,536,1997
3,Alabama State,29,8,21,.276,-21.80,-8.34,5,9,5,5,3,14,1899,2318,,667,1688,.395,144,456,.316,421,680,.619,383,1050,284,225,20,536,513,1997
4,Alcorn State,28,11,17,.393,-15.53,-10.16,8,6,7,5,3,11,2021,2140,1130,712,1630,.437,117,362,.323,480,746,.643,385,1134,419,192,107,528,589,1997
5,American,27,11,16,.407,-5.21,-0.44,7,9,8,3,2,12,1831,1920,,639,1557,.410,156,477,.327,397,589,.674,359,952,268,201,65,417,481,1997
6,Appalachian State,28,14,14,.500,-5.92,-4.92,8,6,9,2,3,10,1990,1954,,718,1485,.484,178,453,.393,376,563,.668,297,901,397,185,105,432,475,1997
7,Arizona NCAA,34,25,9,.735,21.66,11.04,11,7,13,1,3,6,2850,2491,,1015,2241,.453,222,600,.370,598,913,.655,562,1377,567,358,100,521,654,1997
8,Arizona State,30,10,20,.333,2.24,7.21,2,16,9,9,0,9,2181,2233,1210,830,1953,.425,188,562,.335,333,501,.665,391,1041,533,299,172,431,549,1997
9,Arkansas,32,18,14,.563,14.74,7.05,8,8,15,3,3,8,2527,2281,,919,2078,.442,274,736,.372,415,611,.679,427,1155,509,318,124,494,638,1997
10,Arkansas State,27,15,12,.556,-5.48,-4.48,8,10,11,4,4,7,1988,1970,1090,723,1620,.446,126,401,.314,416,627,.663,344,962,396,193,111,410,509,1997
11,Army,26,10,16,.385,-16.80,-8.68,4,8,7,6,2,8,1821,1943,,612,1490,.411,188,537,.350,409,562,.728,335,936,333,168,49,411,553,1997
12,Auburn,31,16,15,.516,5.42,5.42,6,10,11,4,3,8,2056,2017,,730,1759,.415,212,703,.302,384,596,.644,466,1150,387,245,103,506,569,1997
13,Austin Peay,31,17,14,.548,-5.01,-7.32,12,6,12,2,3,8,2398,2278,1265,841,1814,.464,228,620,.368,488,728,.670,364,1112,425,225,121,428,517,1997
14,Ball State,29,16,13,.552,1.80,1.48,9,9,14,1,1,12,2157,2144,1170,779,1741,.447,136,403,.337,463,708,.654,390,998,425,263,60,439,512,1997
15,Baylor,30,18,12,.600,4.40,2.99,6,10,14,3,2,7,2149,2075,,776,1802,.431,227,680,.334,370,651,.568,390,1107,437,212,134,474,609,1997
16,Bethune-Cookman,28,12,16,.429,-12.10,-9.44,9,9,8,3,3,12,1911,1985,,662,1567,.422,179,537,.333,408,610,.669,308,872,335,218,89,401,555,1997
17,Boise State,27,14,13,.519,3.13,-0.72,9,7,9,4,5,7,1782,1678,,622,1421,.438,223,613,.364,315,445,.708,250,758,382,256,70,386,542,1997
18,Boston College NCAA,31,22,9,.710,11.92,6.69,12,6,12,2,6,5,2305,2143,1265,780,1724,.452,190,512,.371,555,790,.703,430,1194,408,240,87,473,568,1997
19,Boston University NCAA,30,25,5,.833,2.51,-2.86,17,1,10,0,11,4,2020,1859,,725,1676,.433,166,555,.299,404,600,.673,318,1105,446,227,136,431,543,1997
20,Bowling Green State,32,22,10,.688,8.49,1.56,13,5,12,1,7,7,2643,2378,1300,975,2033,.480,204,584,.349,489,687,.712,380,1034,523,378,114,450,657,1997
21,Bradley,30,17,13,.567,8.03,3.40,12,6,12,2,4,8,1928,1789,1220,656,1484,.442,151,407,.371,465,663,.701,276,1013,375,198,131,404,545,1997
22,Brigham Young,26,1,25,.038,-13.29,6.48,0,16,1,13,0,11,1547,2061,1045,578,1453,.398,99,379,.261,292,453,.645,284,824,316,147,53,425,505,1997
23,Brown,26,4,22,.154,-14.49,-2.15,3,11,3,4,1,17,1385,1706,,492,1274,.386,105,357,.294,296,430,.688,267,867,260,147,51,433,445,1997
24,Bucknell,29,18,11,.621,-4.19,-8.91,9,3,10,2,7,8,2039,1870,,720,1627,.443,190,559,.340,409,580,.705,359,1068,354,208,115,432,564,1997
25,Buffalo,28,17,11,.607,-4.10,-6.31,11,5,11,2,5,7,2002,1940,1145,648,1555,.417,159,487,.326,547,834,.656,364,1100,360,202,65,457,561,1997
26,Butler NCAA,33,23,10,.697,7.61,-0.16,12,4,11,1,8,7,2297,2004,1355,763,1702,.448,169,464,.364,602,901,.668,386,1186,432,210,123,480,657,1997
27,Cal Poly,30,14,16,.467,-0.65,-1.80,6,10,11,4,1,10,2444,2324,,843,1936,.435,290,827,.351,468,625,.749,401,998,461,285,53,440,636,1997
28,Cal State Fullerton,27,13,14,.481,-3.36,-2.36,6,10,8,5,5,9,1968,1995,1085,700,1548,.452,193,551,.350,375,565,.664,311,881,379,202,68,393,532,1997
29,Cal State Northridge,29,14,15,.483,-1.79,-2.83,8,8,7,6,6,8,2199,2132,,765,1681,.455,157,466,.337,512,826,.620,426,1105,464,299,94,541,670,1997
30,California NCAA,32,23,9,.719,17.34,10.12,12,6,12,1,4,6,2402,2171,,871,1905,.457,142,436,.326,518,771,.672,450,1216,520,271,135,526,588,1997
31,Campbell,27,11,16,.407,-14.73,-7.25,8,8,7,4,4,10,1770,1907,,641,1525,.420,179,503,.356,309,457,.676,312,949,372,151,93,413,540,1997
32,Canisius,29,17,12,.586,3.98,-1.98,10,4,11,5,5,7,1822,1649,,653,1589,.411,171,482,.355,345,513,.673,352,997,402,176,84,367,466,1997
33,Centenary (LA),27,9,18,.333,-18.09,-8.09,6,10,8,6,1,12,1989,2192,,697,1714,.407,180,589,.306,415,660,.629,,1000,343,223,46,401,496,1997
34,Central Connecticut State,27,8,19,.296,-12.03,-6.92,4,12,4,7,3,10,1673,1811,,622,1458,.427,95,364,.261,334,502,.665,347,917,326,240,51,437,512,1997
35,Central Michigan,26,7,19,.269,-10.21,-0.01,4,14,5,6,1,11,1877,2101,,624,1426,.438,172,462,.372,457,638,.716,306,962,347,106,111,505,534,1997
36,Charleston Southern NCAA,30,17,13,.567,-6.92,-6.56,7,7,8,4,7,7,2151,2102,1220,739,1730,.427,199,570,.349,474,681,.696,349,1077,466,226,91,428,641,1997
37,Charlotte NCAA,31,22,9,.710,10.83,5.25,10,4,10,4,9,3,2217,2044,1240,768,1838,.418,182,532,.342,499,677,.737,442,1181,441,211,118,396,499,1997
38,Chattanooga NCAA,35,24,11,.686,2.59,-5.22,11,3,14,2,5,6,2680,2281,1415,942,2034,.463,217,650,.334,579,839,.690,535,1351,532,288,83,492,614,1997
39,Chicago State,27,4,23,.148,-19.07,-2.22,4,12,1,9,3,13,1863,2318,,718,1809,.397,140,511,.274,287,515,.557,409,1035,422,259,71,490,556,1997
40,Cincinnati NCAA,34,26,8,.765,20.71,5.51,12,2,13,3,8,2,2743,2226,1360,962,1938,.496,184,555,.332,635,924,.687,514,1357,525,264,100,523,716,1997
41,Clemson NCAA,33,23,10,.697,17.23,10.53,9,7,12,3,6,4,2249,2028,1340,774,1746,.443,158,509,.310,543,799,.680,431,1155,458,228,85,422,633,1997
42,Cleveland State,28,9,19,.321,-6.70,0.69,6,10,5,7,3,11,1811,2018,,603,1488,.405,157,454,.346,448,680,.659,363,921,344,220,67,468,615,1997
43,Coastal Carolina,27,11,16,.407,-12.31,-6.69,6,8,6,7,4,7,1717,1825,,636,1537,.414,144,465,.310,301,495,.608,373,984,321,168,38,421,504,1997
44,Colgate,28,12,16,.429,-6.94,-6.44,8,4,7,4,4,6,2005,2019,,740,1621,.457,131,398,.329,394,663,.594,391,1165,417,180,217,496,505,1997
45,College of Charleston NCAA,32,29,3,.906,5.86,-6.84,16,0,16,0,10,1,2504,2108,,937,1911,.490,112,309,.362,518,766,.676,423,1145,519,293,146,425,544,1997
46,Colorado NCAA,32,22,10,.688,9.69,6.19,11,5,14,1,5,6,2340,2228,1295,823,1949,.422,147,406,.362,547,803,.681,430,1249,469,258,177,441,644,1997
47,Colorado State,29,20,9,.690,5.11,1.69,10,6,14,3,6,5,2180,2021,1170,755,1590,.475,192,499,.385,478,697,.686,321,1070,511,208,131,453,485,1997
48,Columbia,26,6,20,.231,-13.78,-4.38,1,13,3,8,2,11,1621,1825,,551,1292,.426,218,629,.347,301,477,.631,203,726,318,160,63,354,501,1997
49,Connecticut,33,18,15,.545,12.99,8.09,7,11,13,7,4,5,2170,2010,1345,776,1866,.416,181,508,.356,437,672,.650,454,1286,431,249,127,530,592,1997
50,Coppin State NCAA,31,22,9,.710,-1.21,-7.79,15,3,9,1,7,6,2453,2249,,838,1806,.464,171,513,.333,606,823,.736,364,1104,390,288,103,521,640,1997
51,Cornell,26,15,11,.577,-7.83,-6.91,7,7,8,4,5,7,1676,1648,1040,614,1341,.458,134,373,.359,314,457,.687,268,900,416,185,117,413,437,1997
52,Creighton,30,15,15,.500,3.92,2.42,10,8,11,3,3,9,2024,1979,1205,746,1714,.435,172,477,.361,360,571,.630,388,1047,385,197,88,373,528,1997
53,Dartmouth,26,18,8,.692,-0.46,-7.78,10,4,8,3,8,5,1788,1585,1045,641,1395,.459,139,394,.353,367,523,.702,245,872,386,229,112,371,472,1997
54,Davidson,28,18,10,.643,-0.03,-3.99,10,4,10,4,7,4,2105,1911,,747,1622,.461,186,513,.363,425,590,.720,354,969,481,249,69,415,525,1997
55,Dayton,27,13,14,.481,3.53,2.30,6,10,12,2,1,11,1903,1870,1085,646,1504,.430,168,494,.340,443,625,.709,359,991,342,133,70,426,533,1997
56,Delaware,31,15,16,.484,-0.16,-2.95,8,10,10,5,3,10,2324,2193,1245,813,1845,.441,171,538,.318,527,704,.749,406,1186,448,270,54,530,610,1997
57,Delaware State,27,7,20,.259,-18.47,-7.10,7,11,5,4,2,15,1813,2120,,651,1682,.387,116,417,.278,395,599,.659,409,1091,319,173,76,505,541,1997
58,DePaul,26,3,23,.115,-5.84,6.66,1,13,2,9,1,11,1435,1761,1040,540,1525,.354,127,460,.276,228,399,.571,358,919,267,206,69,429,482,1997
59,Detroit Mercy,29,16,13,.552,1.91,-0.59,11,5,10,1,4,11,1919,1799,,651,1559,.418,153,430,.356,464,636,.730,381,1074,361,163,88,378,521,1997
60,Drake,28,2,26,.071,-6.16,4.66,0,18,1,11,0,14,1751,2054,1125,659,1582,.417,138,424,.325,295,459,.643,268,826,355,224,51,404,484,1997
61,Drexel,31,22,9,.710,3.67,-3.66,16,2,12,0,7,9,2235,2008,,740,1676,.442,221,617,.358,534,746,.716,325,1185,447,123,47,428,569,1997
62,Duke NCAA,33,24,9,.727,22.52,9.06,12,4,15,2,7,4,2629,2185,1330,895,1938,.462,278,714,.389,561,801,.700,417,1117,473,280,131,423,625,1997
63,Duquesne,27,9,18,.333,2.02,6.14,5,11,8,7,1,10,1980,2091,,705,1635,.431,176,479,.367,394,587,.671,388,910,370,224,91,458,554,1997
64,East Carolina,27,17,10,.630,2.13,-2.22,9,7,10,2,7,6,1839,1703,,649,1443,.450,136,385,.353,405,625,.648,365,1040,297,153,67,386,518,1997
65,East Tennessee State,27,7,20,.259,-19.41,-4.17,2,12,6,6,1,12,1616,1961,,608,1434,.424,119,366,.325,281,449,.626,309,860,349,171,40,489,540,1997
66,Eastern Illinois,27,12,15,.444,-12.50,-7.62,9,9,7,6,4,8,1998,2061,,725,1626,.446,143,443,.323,405,584,.693,364,985,467,204,53,419,506,1997
67,Eastern Kentucky,26,8,18,.308,-16.43,-7.19,6,12,8,4,0,12,1776,2004,1040,660,1521,.434,114,334,.341,342,547,.625,357,972,352,170,66,476,536,1997
68,Eastern Michigan,32,22,10,.688,4.15,1.67,11,7,10,2,8,7,2589,2452,,975,1970,.495,143,421,.340,496,698,.711,400,1117,468,269,87,452,601,1997
69,Eastern Washington,26,7,19,.269,-11.20,-3.64,3,13,5,8,1,11,1790,1949,,658,1459,.451,126,361,.349,348,545,.639,294,908,406,167,63,422,527,1997
70,Evansville,31,17,14,.548,2.74,3.90,11,7,12,4,5,6,1965,2001,1240,678,1560,.435,193,531,.363,416,557,.747,284,927,421,173,66,466,608,1997
71,Fairfield NCAA,30,11,19,.367,-5.18,-2.38,2,12,4,7,4,10,1991,2075,,690,1609,.429,165,497,.332,446,730,.611,386,1065,388,219,107,494,613,1997
72,FDU,28,18,10,.643,-7.05,-5.48,13,5,10,4,8,6,2026,2070,,700,1604,.436,178,531,.335,448,692,.647,397,1072,379,221,101,476,529,1997
73,Florida,30,13,17,.433,5.54,5.23,5,11,8,6,4,6,2220,2181,1210,762,1695,.450,254,680,.374,442,630,.702,335,1047,404,224,111,492,589,1997
74,Florida A&M,27,8,19,.296,-17.92,-8.96,8,10,8,2,0,14,1861,2103,,693,1621,.428,105,358,.293,370,591,.626,369,1101,335,194,161,568,584,1997
75,Florida Atlantic,27,16,11,.593,-7.46,-9.34,11,5,11,2,5,9,1895,1813,,684,1453,.471,73,221,.330,454,682,.666,340,1055,309,221,113,505,548,1997
76,Florida International,29,16,13,.552,-4.65,-8.99,12,4,8,3,6,9,2238,2112,,754,1695,.445,271,722,.375,459,699,.657,319,1005,416,300,93,462,614,1997
77,Florida State,32,20,12,.625,16.14,9.52,6,10,13,3,5,8,2348,2136,1290,866,1928,.449,195,558,.349,421,656,.642,445,1206,492,280,142,439,608,1997
78,Fordham,27,6,21,.222,-5.84,3.79,1,15,4,8,2,12,1664,1924,1085,560,1378,.406,140,441,.317,404,610,.662,334,910,311,139,86,457,528,1997
79,Fresno State,32,20,12,.625,6.90,3.32,12,4,13,1,6,7,2648,2502,,938,2070,.453,255,762,.335,517,753,.687,444,1223,538,288,157,489,682,1997
80,Furman,27,10,17,.370,-12.80,-6.36,4,10,7,6,3,10,1783,1890,1090,643,1579,.407,146,488,.299,351,542,.648,390,1061,360,153,91,404,475,1997
81,George Mason,27,10,17,.370,-5.54,-1.73,4,12,9,6,1,10,2149,2252,,792,1894,.418,168,560,.300,397,592,.671,414,1128,353,280,75,420,524,1997
82,George Washington,29,15,14,.517,10.34,6.96,8,8,9,4,4,10,1946,1848,1165,688,1660,.414,138,447,.309,432,617,.700,402,1111,344,221,71,449,584,1997
83,Georgetown NCAA,30,20,10,.667,10.87,5.84,11,7,11,3,7,4,2083,1886,1205,772,1935,.399,117,392,.298,422,707,.597,559,1348,378,300,195,488,604,1997
84,Georgia NCAA,33,24,9,.727,13.09,7.03,10,6,12,2,5,5,2376,2176,,803,1833,.438,261,716,.365,509,778,.654,494,1276,472,200,122,510,631,1997
85,Georgia Southern,28,10,18,.357,-20.61,-7.11,5,9,8,5,1,12,1722,2015,,591,1447,.408,167,515,.324,373,581,.642,368,982,363,151,55,541,611,1997
86,Georgia State,27,10,17,.370,-15.84,-11.36,6,10,7,5,3,11,1844,1930,,680,1591,.427,110,352,.313,374,530,.706,319,973,327,164,99,348,470,1997
87,Georgia Tech,27,9,18,.333,9.11,11.96,3,13,8,5,0,11,1660,1737,1080,590,1489,.396,168,579,.290,312,477,.654,419,979,325,168,107,438,436,1997
88,Gonzaga,27,15,12,.556,0.23,-1.81,8,6,10,3,3,8,1956,1853,,723,1568,.461,138,387,.357,372,532,.699,352,987,413,185,86,379,542,1997
89,Grambling,27,10,17,.370,-18.06,-11.54,5,9,6,3,4,8,1816,1891,,675,1548,.436,114,376,.303,352,586,.601,347,905,328,226,48,412,547,1997
90,Green Bay,28,14,14,.500,0.89,-0.15,10,6,11,4,2,9,1568,1515,1130,541,1265,.428,122,333,.366,364,514,.708,221,834,331,185,77,0,497,1997
91,Hampton,27,8,19,.296,-14.98,-9.94,7,11,5,8,2,10,1816,1952,,629,1580,.398,167,516,.324,391,619,.632,374,1081,353,200,77,470,586,1997
92,Hartford,28,17,11,.607,-2.31,-5.17,11,7,7,4,9,6,2055,1975,,707,1584,.446,134,382,.351,507,734,.691,322,987,399,310,118,478,579,1997
93,Harvard,26,17,9,.654,-2.65,-7.97,10,4,8,4,9,4,1811,1635,,645,1447,.446,133,403,.330,388,516,.752,292,924,352,205,57,343,435,1997
94,Hawaii,29,21,8,.724,8.76,2.79,12,4,16,3,5,4,2174,2001,1170,821,1685,.487,104,305,.341,428,641,.668,377,1059,505,245,116,465,529,1997
95,Hofstra,27,12,15,.444,-5.48,-3.21,9,9,7,3,5,10,1764,1810,,621,1472,.422,87,320,.272,435,635,.685,325,923,313,206,63,438,594,1997
96,Holy Cross,27,8,19,.296,-14.54,-8.21,5,7,3,8,3,10,1815,1986,1090,643,1605,.401,156,498,.313,373,615,.607,341,1002,369,191,90,427,602,1997
97,Houston,27,11,16,.407,0.37,3.09,3,11,9,5,2,9,1972,2015,,732,1499,.488,140,376,.372,368,558,.659,325,990,401,187,72,537,512,1997
98,Howard,27,7,20,.259,-17.92,-7.65,7,11,5,6,2,12,1935,2204,,636,1534,.415,132,392,.337,531,781,.680,370,907,242,119,25,471,567,1997
99,Idaho,30,13,17,.433,-6.05,1.59,5,11,10,4,3,11,1956,2018,,728,1601,.455,123,384,.320,377,524,.719,322,931,361,191,67,429,518,1997
100,Idaho State,27,14,13,.519,-5.59,-5.88,9,7,10,3,3,8,1990,1940,,686,1445,.475,112,362,.309,506,830,.610,296,910,395,262,77,446,503,1997
101,Illinois NCAA,32,22,10,.688,15.68,7.83,11,7,12,2,5,6,2448,2197,1290,848,1917,.442,238,632,.377,514,691,.744,398,1076,515,249,63,434,663,1997
102,Illinois State NCAA,30,24,6,.800,10.81,2.28,14,4,11,1,9,4,2224,1970,,792,1748,.453,193,542,.356,447,670,.667,407,1169,527,214,108,465,585,1997
103,Illinois-Chicago,29,15,14,.517,-1.53,-1.15,11,5,9,3,4,10,1885,1896,,677,1595,.424,130,375,.347,401,611,.656,376,1021,371,205,65,397,496,1997
104,Indiana NCAA,33,22,11,.667,13.94,9.39,9,9,11,3,4,6,2397,2247,1340,772,1764,.438,179,479,.374,674,880,.766,388,1183,459,212,131,507,593,1997
105,Indiana State,28,12,16,.429,-3.14,1.26,6,12,7,6,4,9,1945,2068,1120,672,1637,.411,150,503,.298,451,649,.695,418,1110,359,201,85,447,517,1997
106,Iona,30,22,8,.733,3.52,-3.85,11,3,12,1,10,6,2320,2099,1220,770,1690,.456,163,493,.331,617,834,.740,403,1099,410,231,147,461,589,1997
107,Iowa NCAA,32,22,10,.688,16.84,8.90,12,6,14,2,6,5,2314,2038,1280,813,1711,.475,184,464,.397,504,719,.701,435,1231,469,241,130,499,498,1997
108,Iowa State NCAA,31,22,9,.710,13.43,6.30,10,6,14,3,5,4,2093,1872,1250,746,1645,.453,149,372,.401,452,689,.656,366,1102,482,177,160,440,441,1997
109,Jackson State NCAA,30,14,16,.467,-11.47,-7.44,9,5,8,3,2,12,2139,2248,,777,1793,.433,133,430,.309,452,737,.613,454,1160,406,251,98,573,685,1997
110,Jacksonville,28,5,23,.179,-14.03,-1.24,4,14,3,9,1,13,2076,2434,1140,736,1738,.423,155,443,.350,449,708,.634,411,1058,314,223,83,515,597,1997
111,Jacksonville State,27,10,17,.370,-15.83,-12.51,9,7,6,8,4,7,1941,2016,,680,1531,.444,169,512,.330,412,628,.656,362,1027,371,173,66,477,570,1997
112,James Madison,29,16,13,.552,-0.28,-0.78,8,8,9,6,5,6,2029,1996,,753,1627,.463,132,422,.313,391,640,.611,364,1031,356,224,63,462,562,1997
113,Kansas NCAA,36,34,2,.944,26.60,7.94,15,1,15,0,10,1,3058,2380,1455,1084,2222,.488,192,506,.379,698,1007,.693,556,1532,598,351,222,571,674,1997
114,Kansas City,27,10,17,.370,-10.37,-3.25,7,9,5,9,5,7,1905,2039,1105,720,1609,.447,144,422,.341,321,481,.667,364,1018,400,205,85,486,472,1997
115,Kansas State,27,10,17,.370,1.75,7.60,3,13,9,6,1,10,1734,1880,1090,618,1601,.386,97,337,.288,401,601,.667,383,1050,352,183,128,412,503,1997
116,Kent State,27,9,18,.333,-3.99,2.73,7,11,6,7,3,10,1857,1973,,671,1491,.450,174,470,.370,341,497,.686,266,851,433,174,61,438,571,1997
117,Kentucky NCAA,40,35,5,.875,29.29,9.26,13,3,12,1,7,2,3325,2512,,1238,2631,.471,287,777,.369,562,824,.682,641,1575,776,480,203,589,802,1997
118,La Salle,27,10,17,.370,2.09,4.75,5,11,7,7,1,9,1777,1849,,607,1600,.379,218,634,.344,345,512,.674,355,880,316,214,92,342,547,1997
119,Lafayette,28,11,17,.393,-15.78,-7.28,5,7,7,5,3,10,1903,2036,,639,1594,.401,184,556,.331,441,656,.672,328,1013,356,223,116,484,601,1997
120,Lamar,27,15,12,.556,-4.47,-4.35,10,8,11,2,4,9,2008,1919,,708,1564,.453,118,375,.315,474,748,.634,395,1112,296,189,86,495,597,1997
121,Lehigh,27,1,26,.037,-24.10,-6.66,1,11,1,12,0,14,1747,2218,,596,1560,.382,148,445,.333,407,578,.704,326,941,309,178,89,462,550,1997
122,Liberty,32,23,9,.719,-2.86,-6.96,11,3,12,4,9,4,2182,1992,1290,772,1726,.447,205,573,.358,433,640,.677,377,1162,496,222,163,455,573,1997
123,Little Rock,29,18,11,.621,-1.58,-4.10,11,7,13,3,5,8,2155,2014,,757,1742,.435,168,512,.328,473,722,.655,448,1215,438,131,99,545,545,1997
124,Long Beach State,27,13,14,.481,-1.51,-1.14,9,7,9,3,3,10,1957,1967,,693,1578,.439,133,395,.337,438,631,.694,379,967,377,232,94,435,541,1997
125,Long Island University NCAA,30,21,9,.700,3.75,-4.22,15,3,12,1,8,7,2746,2507,,999,2297,.435,301,895,.336,447,721,.620,519,1360,507,396,83,383,635,1997
126,Louisiana,28,12,16,.429,-6.05,-2.80,9,9,9,4,2,11,2054,2145,,710,1717,.414,248,791,.314,386,572,.675,363,968,389,207,102,399,484,1997
127,Louisiana State,30,10,20,.333,3.91,7.71,3,13,9,6,0,8,2000,2114,,730,1765,.414,107,375,.285,433,624,.694,417,1172,415,221,96,548,585,1997
128,Louisiana Tech,29,15,14,.517,-0.75,-3.72,10,8,7,5,6,7,1914,1810,,671,1488,.451,180,472,.381,392,591,.663,324,927,345,199,65,423,558,1997
129,Louisiana-Monroe,28,14,14,.500,-7.56,-5.85,10,6,9,3,4,9,2002,1994,1120,724,1724,.420,181,589,.307,373,583,.640,422,1010,414,259,80,429,560,1997
130,Louisville NCAA,35,26,9,.743,11.98,7.72,9,5,11,3,6,4,2631,2482,1435,908,2027,.448,234,706,.331,581,847,.686,499,1254,537,307,93,563,708,1997
131,Loyola (IL),27,12,15,.444,-4.73,-3.46,7,9,8,5,4,9,1772,1786,,634,1407,.451,143,382,.374,361,530,.681,353,942,346,195,109,495,532,1997
132,Loyola (MD),27,13,14,.481,-3.25,-3.29,10,4,7,2,6,9,1858,1857,1095,661,1503,.440,140,406,.345,396,582,.680,323,873,337,252,80,429,536,1997
133,Loyola Marymount,28,7,21,.250,-6.44,1.15,3,11,6,10,1,11,1915,2088,,663,1536,.432,167,481,.347,422,587,.719,326,946,393,179,81,485,593,1997
134,Maine,31,11,20,.355,-7.58,-3.33,6,12,4,8,6,7,1969,2055,1245,702,1737,.404,215,635,.339,350,513,.682,361,1088,384,247,73,459,498,1997
135,Manhattan,27,9,18,.333,-6.71,-3.19,5,9,5,7,2,9,1633,1728,,587,1373,.428,135,436,.310,324,460,.704,304,857,343,196,84,432,564,1997
136,Marist,28,6,22,.214,-16.27,-6.77,4,14,5,8,1,12,1797,2063,,629,1599,.393,148,493,.300,391,560,.698,372,1057,315,150,77,410,570,1997
137,Marquette NCAA,31,22,9,.710,13.45,3.19,9,5,12,4,6,4,2109,1791,1245,750,1704,.440,191,564,.339,418,658,.635,416,1206,448,227,180,464,515,1997
138,Marshall,29,20,9,.690,-3.01,-6.72,10,4,12,0,6,7,2314,2172,,831,1759,.472,245,648,.378,407,575,.708,345,985,417,242,117,405,529,1997
139,Maryland NCAA,32,21,11,.656,17.52,9.08,9,7,14,3,5,5,2406,2136,1285,836,1800,.464,118,378,.312,616,904,.681,398,1226,518,274,112,542,600,1997
140,Maryland-Baltimore County,27,5,22,.185,-17.34,-6.30,2,12,4,8,1,13,1581,1847,,557,1477,.377,148,504,.294,319,504,.633,345,949,343,193,54,434,518,1997
141,Maryland-Eastern Shore,28,11,17,.393,-13.04,-9.16,6,12,9,5,1,11,2101,2084,,741,1791,.414,171,554,.309,448,665,.674,394,1049,349,283,47,411,596,1997
142,Massachusetts NCAA,33,19,14,.576,10.54,9.04,11,5,7,4,9,4,2192,2133,,813,1890,.430,155,462,.335,411,613,.670,480,1243,487,226,165,442,642,1997
143,McNeese State,30,18,12,.600,-5.35,-9.53,10,6,12,1,4,9,2461,2313,1205,896,1821,.492,182,521,.349,487,751,.648,359,1080,539,306,101,534,595,1997
144,Memphis,31,16,15,.516,7.57,6.48,10,4,11,4,4,8,1952,1918,1245,733,1721,.426,129,446,.289,357,569,.627,417,1074,418,298,116,528,605,1997
145,Mercer,26,3,23,.115,-27.86,-10.61,1,15,3,9,0,12,1673,2100,,588,1508,.390,162,526,.308,335,512,.654,285,855,311,167,47,386,460,1997
146,Miami (FL),29,16,13,.552,8.18,5.90,9,9,12,3,4,9,1887,1821,,695,1669,.416,107,360,.297,390,603,.647,414,1105,406,235,173,488,560,1997
147,Miami (OH) NCAA,30,21,9,.700,9.00,0.63,13,5,12,0,6,7,2201,1950,1200,805,1701,.473,167,455,.367,424,611,.694,377,1113,441,212,86,421,522,1997
148,Michigan,35,24,11,.686,16.67,10.53,9,9,11,3,8,6,2595,2380,,931,2017,.462,203,528,.384,530,809,.655,509,1301,433,229,125,546,654,1997
149,Michigan State,29,17,12,.586,12.07,7.93,9,9,13,4,4,8,2025,1905,1175,753,1666,.452,140,437,.320,379,577,.657,408,1092,398,168,70,465,590,1997
150,Middle Tennessee,31,19,12,.613,-4.70,-6.17,11,7,13,1,4,9,2428,2266,,849,1880,.452,261,682,.383,469,656,.715,405,1102,518,232,40,420,525,1997
151,Milwaukee,28,8,20,.286,-11.05,-0.61,4,12,7,4,1,15,1597,1865,,556,1500,.371,149,448,.333,336,544,.618,352,916,281,198,67,0,542,1997
152,Minnesota NCAA,35,31,4,.886,23.34,9.20,16,2,15,0,10,3,2741,2218,1415,1007,2104,.479,164,474,.346,563,829,.679,479,1372,561,319,111,511,732,1997
153,Mississippi NCAA,29,20,9,.690,11.40,5.76,11,5,14,1,4,6,2001,1841,1160,726,1665,.436,141,462,.305,408,618,.660,420,1056,392,219,103,406,551,1997
154,Mississippi State,30,12,18,.400,1.98,6.98,6,10,10,4,1,8,1974,2053,1210,698,1653,.422,137,410,.334,441,646,.683,369,1114,391,187,107,525,492,1997
155,Mississippi Valley State,29,19,10,.655,-10.54,-12.98,11,3,7,4,8,4,2413,2280,,848,2167,.391,309,985,.314,408,659,.619,607,1262,429,308,99,437,610,1997
156,Missouri,33,16,17,.485,8.95,7.77,5,11,11,4,0,10,2440,2381,1335,830,1854,.448,197,549,.359,583,769,.758,367,1152,521,250,74,555,681,1997
157,Missouri State,33,24,9,.727,6.55,2.49,12,6,13,1,7,6,2505,2371,,864,1820,.475,171,473,.362,606,836,.725,354,1229,573,212,98,482,602,1997
158,Monmouth,29,18,11,.621,-1.02,-6.43,12,6,10,3,7,8,2064,1907,,725,1520,.477,155,402,.386,459,624,.736,290,973,457,256,75,437,477,1997
159,Montana NCAA,32,21,11,.656,0.58,-3.14,11,5,11,4,8,4,2339,2192,,870,1858,.468,155,392,.395,444,703,.632,438,1216,484,262,92,533,599,1997
160,Montana State,30,16,14,.533,-3.44,-3.24,10,6,11,3,5,7,2293,2260,,841,1863,.451,195,517,.377,416,586,.710,367,1052,566,242,75,465,548,1997
161,Morehead State,27,8,19,.296,-16.12,-7.16,6,12,8,3,0,15,2206,2346,,783,1952,.401,257,788,.326,383,564,.679,492,1134,419,238,99,404,621,1997
162,Morgan State,27,9,18,.333,-15.69,-7.62,8,10,7,2,2,15,1835,2047,,673,1643,.410,157,493,.318,332,567,.586,407,1007,518,256,89,518,602,1997
163,Mount St. Mary's,27,14,13,.519,-6.13,-5.72,10,8,6,5,8,8,1943,1954,,707,1699,.416,219,613,.357,310,478,.649,396,1020,386,182,96,386,539,1997
164,Murray State NCAA,30,20,10,.667,-4.26,-8.18,12,6,14,0,4,8,2359,2174,1205,839,1876,.447,192,535,.359,489,656,.745,413,1172,461,217,69,375,607,1997
165,Navy NCAA,29,20,9,.690,-3.57,-7.05,10,2,13,1,6,7,2097,1956,1160,769,1777,.433,149,442,.337,410,602,.681,456,1131,458,243,51,450,645,1997
166,NC State,32,17,15,.531,13.98,10.59,4,12,14,6,2,8,1914,1749,1285,692,1612,.429,193,534,.361,337,519,.649,314,939,339,259,47,421,530,1997
167,Nebraska,33,18,15,.545,9.71,8.17,7,9,13,3,4,9,2407,2356,,895,1927,.464,113,349,.324,504,752,.670,487,1295,448,298,202,585,695,1997
168,Nevada,31,21,10,.677,3.77,0.54,12,4,14,3,6,5,2310,2203,1255,822,1748,.470,214,577,.371,452,631,.716,343,1096,509,167,54,446,563,1997
169,Nevada-Las Vegas,32,22,10,.688,7.79,3.51,11,5,16,3,6,7,2340,2203,,814,1881,.433,154,511,.301,558,849,.657,460,1315,450,232,185,518,582,1997
170,New Hampshire,27,7,20,.259,-13.55,-3.33,5,13,5,7,2,12,1590,1866,,592,1446,.409,146,455,.321,260,428,.607,260,864,332,118,58,454,589,1997
171,New Mexico NCAA,33,25,8,.758,14.69,3.69,11,5,18,0,4,6,2502,2097,1325,855,1781,.480,245,656,.373,547,760,.720,370,1180,528,232,131,428,536,1997
172,New Mexico State,28,19,9,.679,7.19,0.34,12,4,12,2,4,7,2235,2006,1130,774,1589,.487,222,570,.389,465,661,.703,340,1000,350,221,59,421,480,1997
173,New Orleans,29,22,7,.759,4.73,-3.96,14,4,13,0,7,5,2075,1823,,728,1580,.461,179,510,.351,440,686,.641,,1040,417,220,103,406,565,1997
174,Niagara,28,11,17,.393,-7.87,-2.80,5,9,6,7,4,10,1950,2092,1150,695,1586,.438,150,488,.307,410,609,.673,360,1016,417,225,96,536,552,1997
175,Nicholls State,26,10,16,.385,-13.04,-6.63,7,9,9,3,1,13,2037,2116,,723,1651,.438,213,599,.356,378,533,.709,333,909,389,197,79,368,529,1997
176,North Carolina NCAA,35,28,7,.800,21.23,12.00,11,5,14,1,6,4,2709,2334,1400,1018,2124,.479,188,506,.372,485,713,.680,528,1455,632,261,142,495,547,1997
177,North Carolina A&T,28,15,13,.536,-9.63,-10.83,11,7,8,3,5,8,2015,1965,,735,1676,.439,141,449,.314,404,632,.639,428,1053,373,216,71,447,564,1997
178,North Texas,26,10,16,.385,-5.70,0.22,5,11,6,7,3,8,1740,1825,,645,1472,.438,167,470,.355,283,425,.666,265,893,349,188,49,436,429,1997
179,Northeastern,27,7,20,.259,-12.23,-3.38,6,12,2,9,4,9,1720,1959,,603,1520,.397,130,409,.318,384,555,.692,396,985,301,168,61,477,536,1997
180,Northeastern Illinois,28,16,12,.571,-4.56,-4.40,8,8,8,5,7,6,2125,2092,,735,1790,.411,237,649,.365,418,624,.670,,1017,426,262,58,409,694,1997
181,Northern Arizona,28,21,7,.750,1.91,-5.13,14,2,13,2,8,5,2176,1944,1130,763,1478,.516,221,527,.419,429,593,.723,234,932,490,182,77,519,488,1997
182,Northern Illinois,27,12,15,.444,-4.85,-2.16,6,10,9,4,2,10,1840,1883,,678,1618,.419,154,475,.324,330,488,.676,391,1009,376,163,71,363,507,1997
183,Northern Iowa,28,16,12,.571,5.80,4.05,11,7,9,3,5,8,1996,1947,,692,1574,.440,143,414,.345,469,639,.734,350,973,364,228,90,413,544,1997
184,Northwestern,29,7,22,.241,0.46,8.01,2,16,6,10,1,10,1717,1936,1165,625,1490,.419,135,465,.290,332,548,.606,346,987,386,188,61,513,546,1997
185,Northwestern State,28,13,15,.464,-10.81,-9.33,8,8,8,4,4,10,2040,2041,,736,1742,.423,189,493,.383,379,554,.684,468,1110,452,228,48,500,638,1997
186,Notre Dame,30,16,14,.533,9.42,8.15,8,10,14,4,2,9,2129,2091,1210,755,1640,.460,152,458,.332,467,698,.669,336,1167,510,220,93,548,584,1997
187,Ohio,27,17,10,.630,4.13,1.59,12,6,12,2,5,8,1984,1904,1085,742,1550,.479,117,307,.381,383,588,.651,390,1015,364,204,73,440,524,1997
188,Ohio State,27,10,17,.370,8.45,8.71,5,13,9,5,1,11,1887,1894,,706,1513,.467,123,364,.338,352,528,.667,317,858,445,191,48,452,572,1997
189,Oklahoma NCAA,30,19,11,.633,13.97,5.03,9,7,13,2,3,6,2228,1960,1210,751,1741,.431,194,552,.351,532,735,.724,428,1054,398,262,97,425,637,1997
190,Oklahoma State,32,17,15,.531,6.96,6.99,7,9,14,2,1,12,2222,2223,1295,827,1739,.476,178,492,.362,390,564,.691,385,1119,496,193,72,496,571,1997
191,Old Dominion NCAA,33,22,11,.667,3.72,-0.46,10,6,11,1,5,7,2343,2205,1340,842,1894,.445,175,547,.320,484,731,.662,452,1286,491,265,233,502,585,1997
192,Oral Roberts,28,21,7,.750,7.48,-1.83,,,14,0,6,7,2106,1810,,775,1596,.486,172,441,.390,384,622,.617,348,931,469,262,116,475,550,1997
193,Oregon,28,17,11,.607,13.74,9.59,8,10,10,3,6,8,2136,2005,1130,757,1662,.455,196,546,.359,426,655,.650,362,1011,402,247,74,456,564,1997
194,Oregon State,27,7,20,.259,2.29,11.25,3,15,6,7,0,12,1864,2054,1085,666,1531,.435,149,459,.325,383,619,.619,348,982,364,189,90,521,571,1997
195,Pacific NCAA,30,24,6,.800,8.72,-2.38,12,4,12,0,9,5,2186,1800,1210,763,1617,.472,246,637,.386,414,622,.666,334,1038,499,205,79,400,530,1997
196,Penn State,27,10,17,.370,3.75,9.16,3,15,8,7,2,9,1634,1780,1085,579,1384,.418,125,371,.337,351,518,.678,335,927,315,152,131,462,460,1997
197,Pennsylvania,26,12,14,.462,-2.84,-1.45,8,6,5,6,5,8,1740,1776,1050,592,1388,.427,192,530,.362,364,531,.685,223,825,318,163,72,344,500,1997
198,Pepperdine,27,6,21,.222,-5.75,0.25,4,10,5,7,1,11,1632,1770,,599,1442,.415,117,380,.308,317,527,.602,310,902,327,197,69,444,555,1997
199,Pittsburgh,33,18,15,.545,9.12,8.74,10,8,11,4,4,9,2285,2228,1320,823,1961,.420,179,537,.333,460,714,.644,495,1204,449,333,155,583,680,1997
200,Portland,27,9,18,.333,-6.56,-0.04,4,10,4,7,3,10,1811,1954,1105,636,1462,.435,135,402,.336,404,577,.700,294,819,361,184,52,454,542,1997
201,Portland State,26,9,17,.346,,,6,10,5,4,1,13,1696,1799,,570,1329,.429,190,531,.358,366,513,.713,240,882,359,145,53,,500,1997
202,Prairie View,27,10,17,.370,-21.98,-7.98,7,7,8,3,2,12,1947,2186,,715,1736,.412,131,450,.291,386,656,.588,437,1126,325,265,64,544,654,1997
203,Princeton NCAA,28,24,4,.857,7.11,-3.08,14,0,10,2,12,1,1813,1496,1125,631,1262,.500,244,651,.375,307,429,.716,164,705,394,202,49,326,502,1997
204,Providence NCAA,36,24,12,.667,14.17,8.31,10,8,12,3,6,6,2755,2525,1460,969,2168,.447,209,622,.336,608,841,.723,478,1342,580,336,138,559,720,1997
205,Purdue NCAA,30,18,12,.600,12.24,10.91,12,6,11,3,6,6,2162,2122,1210,727,1717,.423,172,508,.339,536,741,.723,422,1071,442,250,116,494,503,1997
206,Radford,28,15,13,.536,-8.87,-6.16,8,6,8,4,6,9,2047,2072,1120,733,1587,.462,214,528,.405,367,516,.711,318,910,449,200,104,425,559,1997
207,Rhode Island NCAA,30,20,10,.667,16.48,6.38,12,4,10,3,7,6,2420,2117,1215,887,1925,.461,205,565,.363,441,641,.688,437,1172,483,263,145,397,589,1997
208,Rice,27,12,15,.444,2.04,3.84,6,10,9,3,2,11,1799,1793,1085,665,1531,.434,120,352,.341,349,516,.676,355,994,412,199,94,420,538,1997
209,Richmond,28,13,15,.464,-0.39,-1.50,7,9,8,4,3,10,1926,1895,,682,1616,.422,168,515,.326,394,586,.672,388,1070,344,156,100,404,523,1997
210,Rider,28,14,14,.500,-6.27,-6.97,10,8,8,4,5,9,1989,1983,,680,1480,.459,145,436,.333,484,694,.697,351,1006,428,183,90,493,549,1997
211,Robert Morris,27,4,23,.148,-15.36,-4.76,3,15,3,8,1,14,1785,2071,1080,635,1492,.426,166,421,.394,349,526,.663,297,923,384,161,47,446,559,1997
212,Rutgers,27,11,16,.407,2.67,7.12,5,13,9,6,2,9,1739,1859,1080,592,1541,.384,174,515,.338,381,556,.685,371,963,294,205,92,412,549,1997
213,Sacramento State,26,3,23,.115,-20.66,-0.92,2,14,2,9,1,13,1553,2029,,563,1549,.363,160,534,.300,267,433,.617,367,939,301,171,75,448,530,1997
214,Saint Francis (PA),27,12,15,.444,-8.12,-7.05,9,9,7,4,5,11,1885,1914,,634,1526,.415,155,452,.343,462,641,.721,390,1074,367,129,98,492,493,1997
215,Saint Joseph's NCAA,33,26,7,.788,12.94,7.69,13,3,15,2,7,4,2351,2178,,782,1897,.412,276,743,.371,511,728,.702,427,1190,461,239,79,408,615,1997
216,Saint Louis,29,11,18,.379,-0.53,3.26,4,10,9,10,2,8,1677,1787,1160,573,1566,.366,147,504,.292,384,596,.644,364,964,336,209,37,358,568,1997
217,Saint Mary's (CA) NCAA,31,23,8,.742,3.24,-0.86,10,4,11,2,7,5,2188,2017,1260,739,1575,.469,209,573,.365,501,738,.679,333,1067,523,200,128,496,575,1997
218,Saint Peter's,28,13,15,.464,-7.37,-4.58,9,5,9,2,3,12,1662,1740,,599,1433,.418,69,255,.271,395,595,.664,320,932,338,256,85,498,595,1997
219,Sam Houston,26,8,18,.308,-15.50,-5.50,7,9,6,3,2,14,1679,1939,,560,1266,.442,169,506,.334,390,566,.689,244,804,369,145,45,462,559,1997
220,Samford,28,19,9,.679,-11.30,-12.88,11,5,9,2,8,4,1930,1861,,623,1430,.436,219,601,.364,465,647,.719,281,1044,373,99,66,411,495,1997
221,San Diego,28,17,11,.607,2.86,-0.83,8,6,11,3,5,7,2013,1871,,685,1452,.472,165,437,.378,478,673,.710,308,947,413,198,75,425,549,1997
222,San Diego State,27,12,15,.444,-2.09,1.65,4,12,9,5,3,10,2054,2134,1105,670,1611,.416,186,554,.336,528,748,.706,348,914,326,221,71,386,535,1997
223,San Francisco,29,16,13,.552,-0.17,-0.56,9,5,11,3,3,8,1987,1974,,700,1507,.464,155,417,.372,432,622,.695,369,988,376,159,57,445,515,1997
224,San Jose State,27,13,14,.481,-0.31,4.19,5,11,8,6,5,7,1825,1929,1095,663,1576,.421,108,369,.293,391,576,.679,385,956,351,199,64,416,536,1997
225,Santa Clara,27,16,11,.593,3.30,0.93,10,4,8,1,4,9,1915,1851,,666,1569,.424,191,575,.332,392,585,.670,371,949,395,207,20,396,563,1997
226,Seton Hall,28,10,18,.357,3.85,9.22,5,13,8,9,2,8,1908,2049,1125,649,1713,.379,211,623,.339,399,618,.646,390,1051,352,253,135,467,580,1997
227,Siena,27,9,18,.333,-8.57,-3.90,4,10,5,7,3,11,1768,1894,1080,602,1553,.388,195,572,.341,369,533,.692,359,1023,355,174,75,445,538,1997
228,South Alabama NCAA,30,23,7,.767,4.03,-4.51,14,4,13,1,8,5,1987,1699,1205,681,1526,.446,128,347,.369,497,711,.699,407,1131,376,186,115,406,517,1997
229,South Carolina NCAA,32,24,8,.750,15.09,7.00,15,1,11,3,11,2,2371,2133,,793,1758,.451,229,618,.371,556,800,.695,403,1178,425,225,100,452,529,1997
230,South Carolina State,28,14,14,.500,-11.60,-9.40,12,6,9,2,4,11,1898,1965,,643,1571,.409,154,448,.344,458,682,.672,414,1064,256,205,59,436,557,1997
231,South Florida,27,8,19,.296,-3.95,2.24,2,12,7,8,1,10,1613,1781,,556,1390,.400,124,454,.273,377,564,.668,263,898,317,207,80,420,553,1997
232,Southeast Missouri State,30,12,18,.400,-10.06,-5.14,9,9,9,5,3,10,2153,2264,,805,1846,.436,124,421,.295,419,676,.620,441,1216,395,220,126,553,635,1997
233,Southeastern Louisiana,28,10,18,.357,-19.29,-12.41,7,9,5,7,4,11,2054,2211,,709,1765,.402,199,660,.302,437,636,.687,395,1121,321,160,82,476,587,1997
234,Southern,27,10,17,.370,-18.55,-11.38,5,9,7,7,2,9,2173,2270,1090,804,1870,.430,163,524,.311,402,636,.632,413,1040,408,285,61,435,583,1997
235,Southern California NCAA,28,17,11,.607,14.51,10.16,12,6,11,2,6,8,2229,2137,1120,755,1711,.441,180,520,.346,539,771,.699,423,1045,416,259,83,522,617,1997
236,Southern Illinois,30,13,17,.433,2.83,3.43,6,12,5,6,6,7,2183,2201,1205,800,1809,.442,247,698,.354,336,517,.650,390,1123,476,219,69,479,572,1997
237,Southern Methodist,28,16,12,.571,2.41,1.75,7,9,8,4,7,7,1911,1837,1120,677,1609,.421,163,519,.314,394,574,.686,376,1005,356,208,59,325,449,1997
238,Southern Mississippi,27,12,15,.444,0.26,0.78,6,8,9,3,2,11,1650,1664,,589,1371,.430,81,258,.314,391,571,.685,311,985,321,155,80,426,438,1997
239,Southern Utah,26,9,17,.346,-8.00,1.77,,,8,3,1,12,1632,1746,,614,1417,.433,128,406,.315,276,440,.627,284,867,345,210,77,424,529,1997
240,St. Bonaventure,28,14,14,.500,5.28,5.03,5,11,8,5,3,9,1957,1950,1135,697,1748,.399,168,555,.303,395,604,.654,421,1051,381,267,130,393,590,1997
241,St. Francis (NY),28,13,15,.464,-13.33,-9.15,7,11,7,5,5,10,1821,1938,1130,639,1566,.408,162,520,.312,381,539,.707,327,968,298,197,160,424,541,1997
242,St. John's (NY),27,13,14,.481,8.36,8.25,8,10,7,8,6,6,1815,1812,1095,590,1420,.415,96,351,.274,539,801,.673,436,1156,348,170,83,511,519,1997
243,Stanford NCAA,30,22,8,.733,19.89,9.21,12,6,12,0,6,6,2427,2071,1215,822,1835,.448,222,570,.389,561,752,.746,439,1206,534,208,117,418,590,1997
244,Stephen F. Austin,27,12,15,.444,-14.00,-8.12,8,8,8,3,3,9,2048,2099,,706,1661,.425,164,502,.327,472,728,.648,406,1087,460,313,69,553,559,1997
245,Stetson,27,9,18,.333,-15.06,-9.02,5,11,7,7,2,10,1680,1801,1085,545,1275,.427,127,354,.359,463,646,.717,294,894,321,147,56,435,518,1997
246,Syracuse,32,19,13,.594,12.87,6.96,9,9,9,7,7,4,2397,2208,1295,878,2017,.435,233,639,.365,408,636,.642,456,1258,516,318,148,486,609,1997
247,TCU,35,22,13,.629,10.36,4.02,7,9,14,3,2,7,2931,2709,1400,1074,2445,.439,236,674,.350,547,750,.729,581,1462,556,287,159,476,663,1997
248,Temple NCAA,31,20,11,.645,14.67,9.02,10,6,9,3,6,6,2055,1880,1275,713,1790,.398,180,619,.291,449,678,.662,491,1211,348,251,117,326,420,1997
249,Tennessee,27,11,16,.407,1.98,6.35,4,12,11,5,0,10,1545,1663,,517,1316,.393,97,308,.315,414,597,.693,335,989,294,169,115,503,535,1997
250,Tennessee State,27,9,18,.333,-11.57,-6.01,7,11,6,3,2,14,1986,2136,,729,1769,.412,211,625,.338,317,503,.630,346,988,372,243,103,402,528,1997
251,Tennessee Tech,28,15,13,.536,-8.28,-7.86,10,8,9,4,6,6,2121,2039,,796,1671,.476,171,455,.376,358,564,.635,372,1158,414,198,171,480,495,1997
252,Tennessee-Martin,27,11,16,.407,-10.62,-7.06,8,10,8,5,2,11,1842,1910,,684,1497,.457,138,412,.335,336,488,.689,295,917,451,269,62,513,477,1997
253,Texas NCAA,30,18,12,.600,12.34,9.47,10,6,12,1,4,9,2290,2204,,781,1891,.413,222,690,.322,506,741,.683,455,1165,384,280,132,462,686,1997
254,Texas A&M,27,9,18,.333,2.43,5.65,3,13,7,6,2,9,1754,1841,1095,647,1528,.423,123,364,.338,337,545,.618,356,1004,407,233,83,471,600,1997
255,Texas Southern,28,12,16,.429,-15.22,-9.99,6,8,8,2,1,13,2014,2130,,703,1752,.401,174,617,.282,434,647,.671,431,1081,350,190,51,415,584,1997
256,Texas State NCAA,29,16,13,.552,-7.54,-7.72,10,6,11,0,2,9,2045,2014,,698,1579,.442,162,447,.362,487,690,.706,356,1098,331,186,64,478,627,1997
257,Texas Tech,28,19,9,.679,12.51,6.73,10,6,9,3,7,4,2243,2081,1130,779,1646,.473,201,495,.406,484,683,.709,371,1119,453,161,97,450,491,1997
258,Texas-Rio Grande Valley,28,3,25,.107,-17.34,-2.61,1,17,3,9,0,15,1554,1902,,544,1417,.384,136,481,.283,330,549,.601,355,845,337,187,36,478,520,1997
259,The Citadel,27,13,14,.481,-8.78,-6.13,6,8,9,6,4,7,1909,1857,,681,1561,.436,146,440,.332,401,609,.658,333,1002,358,150,148,326,317,1997
260,Toledo,27,13,14,.481,-0.03,-0.07,6,12,10,4,3,10,1940,1906,,655,1409,.465,167,448,.373,463,678,.683,342,978,355,146,59,466,523,1997
261,Towson,28,9,19,.321,-7.54,-3.15,5,13,6,7,2,11,2085,2210,,719,1534,.469,153,437,.350,494,708,.698,337,988,392,216,58,511,581,1997
262,Troy,27,16,11,.593,-9.07,-7.03,10,6,7,4,7,7,2137,2180,,758,1816,.417,239,692,.345,382,570,.670,379,1073,386,215,80,422,452,1997
263,Tulane,31,20,11,.645,7.98,3.01,11,3,12,2,8,4,2297,2093,1240,823,1726,.477,166,495,.335,485,763,.636,387,1117,502,323,173,543,570,1997
264,Tulsa NCAA,34,24,10,.706,15.00,5.53,12,4,12,1,8,5,2463,2141,1375,844,1925,.438,222,650,.342,553,839,.659,516,1393,516,270,127,555,642,1997
265,UAB,32,18,14,.563,3.08,2.08,7,7,10,4,4,7,2142,2110,1290,750,1844,.407,189,544,.347,453,699,.648,441,1206,342,232,103,468,660,1997
266,UC Irvine,26,1,25,.038,-20.05,1.19,1,15,1,11,0,14,1514,2066,,552,1328,.416,56,247,.227,354,574,.617,304,836,279,177,70,552,498,1997
267,UC Santa Barbara,27,12,15,.444,-4.97,-0.89,7,9,11,3,1,11,1864,1935,,652,1436,.454,133,349,.381,427,598,.714,326,958,369,161,68,451,522,1997
268,UCF,26,7,19,.269,-18.28,-8.78,4,12,5,8,2,9,1790,1989,,632,1558,.406,178,536,.332,348,521,.668,344,954,310,162,72,465,557,1997
269,UCLA NCAA,32,24,8,.750,16.62,10.43,15,3,13,3,8,3,2558,2360,1300,932,1791,.520,125,364,.343,569,848,.671,386,1207,533,259,123,574,566,1997
270,UNC Asheville,28,18,10,.643,-7.10,-5.39,11,3,7,1,9,8,1931,1937,,690,1480,.466,114,351,.325,437,669,.653,306,995,404,250,117,485,474,1997
271,UNC Greensboro,30,10,20,.333,-9.75,-4.15,6,8,5,6,3,9,1896,2064,,663,1592,.416,188,511,.368,382,575,.664,373,1016,354,187,74,445,570,1997
272,UNC Wilmington,30,16,14,.533,-1.86,0.28,10,6,10,2,4,9,1767,1830,,667,1539,.433,140,381,.367,293,449,.653,290,901,348,191,42,358,510,1997
273,UT Arlington,27,12,15,.444,-15.28,-8.16,8,8,9,3,3,11,1772,1921,,637,1540,.414,180,530,.340,318,529,.601,384,976,333,176,56,421,469,1997
274,Utah NCAA,33,29,4,.879,17.58,5.46,15,1,13,1,10,1,2456,2035,,886,1785,.496,166,463,.359,518,714,.725,357,1250,574,205,108,464,596,1997
275,Utah State,29,20,9,.690,4.29,-0.94,12,4,14,3,5,5,1990,1781,1170,695,1451,.479,106,318,.333,494,724,.682,368,1085,360,138,26,411,466,1997
276,UTEP,26,13,13,.500,2.45,5.32,6,10,11,4,1,9,1746,1734,1045,575,1368,.420,147,429,.343,449,618,.727,300,910,321,141,73,346,517,1997
277,UTSA,26,9,17,.346,-14.47,-8.26,4,12,7,5,1,11,1946,2069,,683,1532,.446,163,442,.369,417,627,.665,320,913,404,221,73,445,560,1997
278,Valparaiso NCAA,31,24,7,.774,3.71,-4.98,13,3,11,2,9,3,2356,2048,1255,838,1782,.470,187,481,.389,493,732,.673,443,1184,481,247,86,472,674,1997
279,Vanderbilt NCAA,31,19,12,.613,11.55,7.78,9,7,13,3,5,6,2156,2030,1250,708,1593,.444,177,514,.344,563,797,.706,329,987,458,301,60,485,520,1997
280,Vermont,27,14,13,.519,-8.88,-6.54,7,11,10,4,4,8,1853,1908,,638,1633,.391,169,543,.311,408,633,.645,374,1040,355,198,116,388,511,1997
281,Villanova NCAA,34,24,10,.706,16.62,9.44,12,6,11,3,8,5,2552,2309,1360,892,1931,.462,184,562,.327,584,842,.694,513,1379,516,287,207,555,638,1997
282,Virginia NCAA,31,18,13,.581,13.84,11.13,7,9,11,3,4,8,2099,2015,1245,752,1763,.427,205,566,.362,390,579,.674,398,1148,387,168,133,388,556,1997
283,Virginia Commonwealth,27,14,13,.519,2.01,-0.14,9,7,9,5,4,7,1910,1852,1090,689,1507,.457,160,437,.366,372,571,.651,345,1016,434,186,91,402,463,1997
284,VMI,28,12,16,.429,-11.50,-4.86,7,7,7,5,4,10,2170,2187,,772,1847,.418,198,577,.343,428,635,.674,384,1031,351,280,77,414,610,1997
285,Virginia Tech,31,15,16,.484,6.37,5.07,7,9,10,4,4,8,1934,1867,,689,1580,.436,123,354,.347,433,651,.665,348,999,418,230,70,416,533,1997
286,Wagner,27,10,17,.370,-11.19,-6.78,7,11,6,7,3,9,1952,2071,,683,1712,.399,152,454,.335,434,598,.726,378,1030,390,222,94,420,555,1997
287,Wake Forest NCAA,31,24,7,.774,20.94,10.27,11,5,12,3,10,2,2138,1807,1245,733,1575,.465,202,557,.363,470,681,.690,343,1189,403,129,182,454,457,1997
288,Washington,28,17,11,.607,10.83,8.27,10,8,12,3,5,8,2106,2024,1120,739,1530,.483,134,367,.365,494,708,.698,364,1039,473,206,106,576,522,1997
289,Washington State,30,13,17,.433,8.23,7.89,5,13,9,5,3,10,2244,2223,,803,1749,.459,193,486,.397,445,659,.675,378,1065,445,203,105,486,628,1997
290,Weber State,28,15,13,.536,-3.62,-2.43,9,7,10,3,3,9,2191,2223,,773,1679,.460,204,546,.374,441,639,.690,344,1007,474,207,57,445,627,1997
291,West Virginia,31,21,10,.677,14.45,7.35,11,7,12,4,7,5,2502,2282,,940,1982,.474,144,435,.331,478,739,.647,478,1231,529,309,108,480,544,1997
292,Western Carolina,27,14,13,.519,-11.08,-4.46,7,7,10,1,4,11,1990,2011,,693,1527,.454,113,315,.359,491,671,.732,340,983,377,198,65,479,505,1997
293,Western Illinois,29,19,10,.655,-1.30,-5.71,11,5,8,4,8,3,2191,2014,,820,1657,.495,186,473,.393,365,585,.624,366,1074,539,208,91,458,507,1997
294,Western Kentucky,27,12,15,.444,-4.67,-1.13,9,9,7,5,5,9,1900,1967,,679,1592,.427,200,583,.343,342,433,.790,312,847,375,191,58,390,557,1997
295,Western Michigan,28,14,14,.500,-0.40,0.81,9,9,9,5,5,8,1874,1908,1130,671,1464,.458,126,323,.390,406,559,.726,277,894,347,201,70,0,526,1997
296,Wichita State,27,14,13,.519,5.89,1.67,8,10,10,5,4,7,1815,1700,1090,624,1477,.422,191,556,.344,376,554,.679,367,1008,393,176,43,402,590,1997
297,William & Mary,28,12,16,.429,-3.62,-1.18,8,8,8,4,4,10,1831,1878,1120,643,1603,.401,168,530,.317,377,575,.656,379,1006,321,173,90,0,524,1997
298,Winthrop,27,12,15,.444,-15.08,-7.08,5,9,9,5,3,10,1925,1942,,683,1597,.428,166,509,.326,393,624,.630,356,1044,377,222,110,0,549,1997
299,Wisconsin NCAA,28,18,10,.643,13.20,9.42,11,7,12,2,5,7,1654,1548,1125,570,1391,.410,137,406,.337,377,569,.663,320,951,332,187,97,422,564,1997
300,Wofford,27,7,20,.259,-15.42,-4.09,,,7,6,0,14,1754,1988,,617,1632,.378,189,589,.321,331,525,.630,347,894,308,173,52,0,615,1997
301,Wright State,27,7,20,.259,-6.83,0.29,5,11,6,10,1,10,1763,1910,,671,1550,.433,164,464,.353,257,362,.710,308,829,368,180,36,0,406,1997
302,Wyoming,28,12,16,.429,2.15,2.71,8,8,8,3,3,10,2023,2029,,640,1509,.424,171,508,.337,572,776,.737,358,899,330,152,92,0,561,1997
303,Xavier NCAA,29,23,6,.793,16.14,5.28,13,3,13,2,9,2,2413,2098,1190,838,1717,.488,153,454,.337,584,806,.725,430,1103,532,318,80,556,578,1997
304,Yale,26,10,16,.385,-11.41,-6.73,3,11,5,7,3,9,1640,1732,1060,585,1400,.418,144,424,.340,326,496,.657,300,918,309,191,61,0,478,1997
305,Youngstown State,27,9,18,.333,-10.49,-7.10,4,12,5,8,4,9,1713,1778,,599,1443,.415,157,474,.331,358,520,.688,333,913,326,144,39,0,439,1997
